,_id,username,category
0,6375d6a86cbf1b635cd3ac7c,eric4708,Artist
1,6375d6a86cbf1b635cd3ac7d,beyondtheisland,Entrepreneur
2,6375d6a86cbf1b635cd3ac7e,brassliondistillery,Wine/spirits
3,6375d6a86cbf1b635cd3ac7f,underarmoursg,Clothing (Brand)
4,6375d6a86cbf1b635cd3ac80,jbl_sg,Electronics
5,6375d6a86cbf1b635cd3ac81,the.smiling.afro,Swimming Pool & Hot Tub Service
6,6375d6a86cbf1b635cd3ac82,vannysaywhat,Product/service
7,6375d6a86cbf1b635cd3ac83,edmundchen.sg,Public figure
8,6375d6a86cbf1b635cd3ac84,banyantreehotels,Hotel
9,6375d6a86cbf1b635cd3ac85,kodakstyle_kr,Clothing (Brand)
10,6375d6a86cbf1b635cd3ac86,foryou.sg,"Beauty, cosmetic & personal care"
11,6375d6a86cbf1b635cd3ac87,buffbaby88,Personal blog
12,6375d6a86cbf1b635cd3ac88,pumasportstyle,Clothing (Brand)
13,6375d6a86cbf1b635cd3ac89,closetsingapore,Boutique Store
14,6375d6a86cbf1b635cd3ac8a,revolve,Retail company
15,6375d6a86cbf1b635cd3ac8b,luckykhoonsg,Home Improvement
16,6375d6a86cbf1b635cd3ac8c,absoluteprsg,Product/service
17,6375d6a86cbf1b635cd3ac8d,gemme.clothing,Clothing (Brand)
18,6375d6a86cbf1b635cd3ac8e,tigerbalmsg,Pharmaceuticals
19,6375d6a86cbf1b635cd3ac8f,chamberlaincoffee,Coffee shop
20,6375d6a86cbf1b635cd3ac90,jacob.mahler,Athlete
21,6375d6a86cbf1b635cd3ac91,ceramiqueaesthetics,Local business
22,6375d6a86cbf1b635cd3ac92,periperasingapore,"Beauty, cosmetic & personal care"
23,6375d6a86cbf1b635cd3ac93,aolsg,Community Organization
24,6375d6a86cbf1b635cd3ac94,dermalab_sg,Health/beauty
25,6375d6a86cbf1b635cd3ac95,v_shantipereira,Athlete
26,6375d6a86cbf1b635cd3ac96,sleepiingalien,Fictional Character
27,6375d6a86cbf1b635cd3ac97,theisabellachan,Fashion Stylist
28,6375d6a86cbf1b635cd3ac98,mowindigital,Information Technology Company
29,6375d6a86cbf1b635cd3ac99,glennyqh,Public figure
30,6375d6a86cbf1b635cd3ac9a,portraitvision,Community
31,6375d6a86cbf1b635cd3ac9b,wahbananasg,Comedian
32,6375d6a86cbf1b635cd3ac9c,kahying_,Photographer
33,6375d6a86cbf1b635cd3ac9d,gentlemonster,Product/service
34,6375d6a86cbf1b635cd3ac9e,swoshsg,Product/service
35,6375d6a86cbf1b635cd3ac9f,kaadas.singapore,Electronics
36,6375d6a86cbf1b635cd3aca0,dfwcreative,Advertising/Marketing
37,6375d6a86cbf1b635cd3aca1,diownbeauty,Beauty Salon
38,6375d6a86cbf1b635cd3aca2,fromdearme,Shopping & retail
39,6375d6a86cbf1b635cd3aca3,ipseipsaipsum,Home decor
40,6375d6a86cbf1b635cd3aca4,dmkshoes,Retail company
41,6375d6a86cbf1b635cd3aca5,aibimaxwell,Gym/Physical Fitness Center
42,6375d6a86cbf1b635cd3aca6,rickowensonline,Clothing (Brand)
43,6375d6a86cbf1b635cd3aca7,bookxcess,Local business
44,6375d6a86cbf1b635cd3aca8,atome.sg,Product/service
45,6375d6a86cbf1b635cd3aca9,ssunsu_sg,Health/beauty
46,6375d6a86cbf1b635cd3acaa,_shinekoh,Actor
47,6375d6a86cbf1b635cd3acab,privateroomsg,Beauty Salon
48,6375d6a86cbf1b635cd3acac,jomalonelondon,Shopping & retail
49,6375d6a86cbf1b635cd3acad,wellssingapore,Product/service
50,6375d6a86cbf1b635cd3acae,darylaiden,Photographer
51,6375d6a86cbf1b635cd3acaf,monstertv.online,Media
52,6375d6a86cbf1b635cd3acb0,charshaobau,Personal blog
53,6375d6a86cbf1b635cd3acb1,misstamchiak,Digital creator
54,6375d6a86cbf1b635cd3acb2,jaion.t,Digital creator
55,6375d6a86cbf1b635cd3acb3,reubenfoong,Artist
56,6375d6a86cbf1b635cd3acb4,aimanomg,Personal blog
57,6375d6a86cbf1b635cd3acb5,aglimpseofrach,Blogger
58,6375d6a86cbf1b635cd3acb6,photonow.sg,Photographer
59,6375d6a86cbf1b635cd3acb7,clarinssg,Beauty Supply Store
60,6375d6a86cbf1b635cd3acb8,charrlsy,Digital creator
61,6375d6a86cbf1b635cd3acb9,yinclub,Home Improvement
62,6375d6a86cbf1b635cd3acba,twirlboss,Product/service
63,6375d6a86cbf1b635cd3acbb,mykemotus,Producer
64,6375d6a86cbf1b635cd3acbc,nailsbystyle.r,Nail Salon
65,6375d6a86cbf1b635cd3acbd,thepaperbunny,Shopping & retail
66,6375d6a86cbf1b635cd3acbe,kayak_sg,Product/service
67,6375d6a86cbf1b635cd3acbf,esteelauder_sg,Health/beauty
68,6375d6a86cbf1b635cd3acc0,slimyoddity,Artist
69,6375d6a86cbf1b635cd3acc1,whim_and_prayer,Artist
70,6375d6a86cbf1b635cd3acc2,shaunleelee,"Beauty, cosmetic & personal care"
71,6375d6a86cbf1b635cd3acc3,oxwhiteofficial,Clothing (Brand)
72,6375d6a86cbf1b635cd3acc4,nxtasha.ann,Blogger
73,6375d6a86cbf1b635cd3acc5,chankimberly,Artist
74,6375d6a86cbf1b635cd3acc6,abib.sg,Health/beauty
75,6375d6a86cbf1b635cd3acc7,iamspecialized,Brand
76,6375d6a86cbf1b635cd3acc8,rhanzhou,Pet Store
77,6375d6a86cbf1b635cd3acc9,gavinchongzhe,Musician
78,6375d6a86cbf1b635cd3acca,thefluxmediasg,Broadcasting & media production company
79,6375d6a86cbf1b635cd3accb,rabeanco,Shopping & retail
80,6375d6a86cbf1b635cd3accc,spaceonesingapore,Dance & Night Club
81,6375d6a86cbf1b635cd3accd,travelokasg,Travel Company
82,6375d6a86cbf1b635cd3acce,likka.sg,Clothing (Brand)
83,6375d6a86cbf1b635cd3accf,kayden.falldown7standup8,Actor
84,6375d6a86cbf1b635cd3acd0,getkobe,Advertising/Marketing
85,6375d6a86cbf1b635cd3acd1,zhengxingdesserts,Dessert Shop
86,6375d6a86cbf1b635cd3acd2,benjaminkheng,Artist
87,6375d6a86cbf1b635cd3acd3,ngel_brow_teacher_vivian.sg,Cosmetology School
88,6375d6a86cbf1b635cd3acd4,eileenmak,Digital creator
89,6375d6a86cbf1b635cd3acd5,officialsummerstore,Product/service
90,6375d6a86cbf1b635cd3acd6,aelfricedenofficial,Clothing (Brand)
91,6375d6a86cbf1b635cd3acd7,silkmaison,Clothing (Brand)
92,6375d6a86cbf1b635cd3acd8,pancakesamsterdam,Restaurant
93,6375d6a86cbf1b635cd3acd9,power98mike,DJ
94,6375d6a86cbf1b635cd3acda,lessisworefemales,Magazine
95,6375d6a86cbf1b635cd3acdb,portraituring,Visual Arts
96,6375d6a86cbf1b635cd3acdc,tigerbrokerssg,Product/service
97,6375d6a86cbf1b635cd3acdd,bluebellsg,Shopping & retail
98,6375d6a86cbf1b635cd3acde,charleskeithofficial,Accessories
99,6375d6a86cbf1b635cd3acdf,edwondersingapore,Brand
100,6375d6a86cbf1b635cd3ace0,superadrianme,Media
101,6375d6a86cbf1b635cd3ace1,sony,Brand
102,6375d6a86cbf1b635cd3ace2,mulawear.sg,Clothing (Brand)
103,6375d6a86cbf1b635cd3ace3,sgagxiaoming,Public figure
104,6375d6a86cbf1b635cd3ace4,sum37.sg,Product/service
105,6375d6a86cbf1b635cd3ace5,neonmello,Clothing (Brand)
106,6375d6a86cbf1b635cd3ace6,happybirthday.skincare,"Beauty, cosmetic & personal care"
107,6375d6a86cbf1b635cd3ace7,basicmodels,Modeling Agency
108,6375d6a86cbf1b635cd3ace8,cheese_cycling_club,Product/service
109,6375d6a86cbf1b635cd3ace9,eastpointmall,Shopping & retail
110,6375d6a86cbf1b635cd3acea,vieve.sg,"Beauty, cosmetic & personal care"
111,6375d6a86cbf1b635cd3aceb,kiehlssg,Health/beauty
112,6375d6a86cbf1b635cd3acec,waltertan,Entrepreneur
113,6375d6a86cbf1b635cd3aced,tongfongfatt,Local business
114,6375d6a86cbf1b635cd3acee,syazanisrina,Podcast
115,6375d6a86cbf1b635cd3acef,midea_singapore,Product/service
116,6375d6a86cbf1b635cd3acf0,rationale,Skin Care Service
117,6375d6a86cbf1b635cd3acf1,apmmonaco,Jewelry/watches
118,6375d6a86cbf1b635cd3acf2,alijiang_sg,Restaurant
119,6375d6a86cbf1b635cd3acf3,zippyzipeng,Photographer
120,6375d6a86cbf1b635cd3acf4,cloroxsingapore,Household supplies
121,6375d6a86cbf1b635cd3acf5,supergurl,Community
122,6375d6a86cbf1b635cd3acf6,lohkeanyew,Athlete
123,6375d6a86cbf1b635cd3acf7,leanmeanspideymachine,Movie Character
124,6375d6a86cbf1b635cd3acf8,samsungsg,Electronics
125,6375d6a86cbf1b635cd3acf9,beldachung,TV channel
126,6375d6a86cbf1b635cd3acfa,grandlagoihotel,Hotel
127,6375d6a86cbf1b635cd3acfb,onubyink,Artist
128,6375d6a86cbf1b635cd3acfc,thegoodfolks,Public Relations Agency
129,6375d6a86cbf1b635cd3acfd,theprpeople,Public Relations Agency
130,6375d6a86cbf1b635cd3acfe,danielwellington,Shopping & retail
131,6375d6a86cbf1b635cd3acff,management_soop,Arts & entertainment
132,6375d6a86cbf1b635cd3ad00,whitetree_hairsalon,Hair Salon
133,6375d6a86cbf1b635cd3ad01,ellenayoungxy,Digital creator
134,6375d6a86cbf1b635cd3ad02,thetinselrack,Clothing (Brand)
135,6375d6a86cbf1b635cd3ad03,bam_visuals,Digital creator
136,6375d6a86cbf1b635cd3ad04,iteccpeersupportleaders,Youth Organization
137,6375d6a86cbf1b635cd3ad05,shanghaitang,Shopping & retail
138,6375d6a86cbf1b635cd3ad06,yangclubsingapore,Dance & Night Club
139,6375d6a86cbf1b635cd3ad07,bipolarbbby,Personal blog
140,6375d6a86cbf1b635cd3ad08,hhiroyx,Digital creator
141,6375d6a86cbf1b635cd3ad09,epitome_studio.sg,Shopping & retail
142,6375d6a86cbf1b635cd3ad0a,novela_sg,Cosmetics store
143,6375d6a86cbf1b635cd3ad0b,homie.kimberley,Hair Stylist
144,6375d6a86cbf1b635cd3ad0c,caleb_monk,Actor
145,6375d6a86cbf1b635cd3ad0d,esmeraldaputri_,Just for fun
146,6375d6a86cbf1b635cd3ad0e,heyitsfel,Personal blog
147,6375d6a86cbf1b635cd3ad0f,dicksonnasilemak,Food & beverage
148,6375d6a86cbf1b635cd3ad10,smittenbypattern,Design & fashion
149,6375d6a86cbf1b635cd3ad11,lovebonitosg,Clothing (Brand)
150,6375d6a86cbf1b635cd3ad12,clairejedrek,Athlete
151,6375d6a86cbf1b635cd3ad13,mclarensg,Cars
152,6375d6a86cbf1b635cd3ad14,featherz.studio,Hair Salon
153,6375d6a86cbf1b635cd3ad15,osim_sg,Health/beauty
154,6375d6a86cbf1b635cd3ad16,wellbredstore,Shopping & retail
155,6375d6a86cbf1b635cd3ad17,princesspollyboutique,Clothing (Brand)
156,6375d6a86cbf1b635cd3ad18,larocheposay,Health/beauty
157,6375d6a86cbf1b635cd3ad19,wearrame,Clothing (Brand)
158,6375d6a86cbf1b635cd3ad1a,hipvanhome,Furniture
159,6375d6a86cbf1b635cd3ad1b,cliniquesg,Health/beauty
160,6375d6a86cbf1b635cd3ad1c,irenshizen,Health/beauty
161,6375d6a86cbf1b635cd3ad1d,mimirestaurantsg,Restaurant
162,6375d6a86cbf1b635cd3ad1e,duostud.io,Product/service
163,6375d6a86cbf1b635cd3ad1f,hyydnn,Photographer
164,6375d6a86cbf1b635cd3ad20,wallhubsg,Product/service
165,6375d6a86cbf1b635cd3ad21,zorogoldie,Comedian
166,6375d6a86cbf1b635cd3ad22,ootdmagazine,Community
167,6375d6a86cbf1b635cd3ad23,nipponpaintsg,Home Improvement
168,6375d6a86cbf1b635cd3ad24,veopoo,Athlete
169,6375d6a86cbf1b635cd3ad25,olens_contactlens,Health/beauty
170,6375d6a86cbf1b635cd3ad26,terencewhatever,Personal blog
171,6375d6a86cbf1b635cd3ad27,jijinoodles,Food Stand
172,6375d6a86cbf1b635cd3ad28,canvasofglory,Makeup Artist
173,6375d6a86cbf1b635cd3ad29,yuey_tan,Athlete
174,6375d6a86cbf1b635cd3ad2a,golinutrition,Vitamins/supplements
175,6375d6a86cbf1b635cd3ad2b,yeoshinoya,Fast food restaurant
176,6375d6a86cbf1b635cd3ad2c,hilx,Sunglasses & Eyewear Store
177,6375d6a86cbf1b635cd3ad2d,mlb.kr.singapore,Clothing (Brand)
178,6375d6a86cbf1b635cd3ad2e,mafiadino,Airport
179,6375d6a86cbf1b635cd3ad2f,lavieaestheticssg,Medical & health
180,6375d6a86cbf1b635cd3ad30,cig4rsouls,Video creator
181,6375d6a86cbf1b635cd3ad31,cheyennelimm,Waste Management Company
182,6375d6a86cbf1b635cd3ad32,floaroma.sg,Health/beauty
183,6375d6a86cbf1b635cd3ad33,malsohconcepts,Photography Videography
184,6375d6a86cbf1b635cd3ad34,gaincitysg,Retail company
185,6375d6a86cbf1b635cd3ad35,republik_official,Community
186,6375d6a86cbf1b635cd3ad36,gingersingapore,Restaurant
187,6375d6a86cbf1b635cd3ad37,versace,Design & fashion
188,6375d6a86cbf1b635cd3ad38,zehvier,Digital creator
189,6375d6a86cbf1b635cd3ad39,prismplusdisplays,Electronics
190,6375d6a86cbf1b635cd3ad3a,brandcellar,Product/service
191,6375d6a86cbf1b635cd3ad3b,beccifashion,Clothing (Brand)
192,6375d6a86cbf1b635cd3ad3c,bombiibii,Scientist
193,6375d6a86cbf1b635cd3ad3d,theriverhousesg,Restaurant
194,6375d6a86cbf1b635cd3ad3e,dazzlehaven,Community
195,6375d6a86cbf1b635cd3ad3f,louveluxe,Designer
196,6375d6a86cbf1b635cd3ad40,skecherssg,Shopping & retail
197,6375d6a86cbf1b635cd3ad41,pierrepng,Public figure
198,6375d6a86cbf1b635cd3ad42,cottagecoredream,Blogger
199,6375d6a86cbf1b635cd3ad43,drmchsr,Clothing (Brand)
200,6375d6a86cbf1b635cd3ad44,comfortdesignfurni,Furniture
201,6375d6a86cbf1b635cd3ad45,avenuesingapore,Lounge
202,6375d6a86cbf1b635cd3ad46,claritynsg,Health/beauty
203,6375d6a86cbf1b635cd3ad47,aoneclaypot,Chinese Restaurant
204,6375d6a86cbf1b635cd3ad48,lielnicole,Not a business
205,6375d6a86cbf1b635cd3ad49,officialclaude,Clothing (Brand)
206,6375d6a86cbf1b635cd3ad4a,soundcoreaudio,Electronics
207,6375d6a86cbf1b635cd3ad4b,jhyangg__,Bed and Breakfast
208,6375d6a86cbf1b635cd3ad4c,ahyeessoonkueh,Restaurant
209,6375d6a86cbf1b635cd3ad4d,mezcla.sg,Restaurant
210,6375d6a86cbf1b635cd3ad4e,homeground.coffee,Community
211,6375d6a86cbf1b635cd3ad4f,smu_iie,School
212,6375d6a86cbf1b635cd3ad50,accesscoms,Public Relations Agency
213,6375d6a86cbf1b635cd3ad51,michsng,Athlete
214,6375d6a86cbf1b635cd3ad52,milk.singapore,Food & beverage
215,6375d6a86cbf1b635cd3ad53,clearstart,Health/beauty
216,6375d6a86cbf1b635cd3ad54,uniqlosg,Clothing store
217,6375d6a86cbf1b635cd3ad55,assemblyclan,Photography Videography
218,6375d6a86cbf1b635cd3ad56,mickeyhuang0126,Public figure
219,6375d6a86cbf1b635cd3ad57,kelkeltan,Health/beauty
220,6375d6a86cbf1b635cd3ad58,charlottewangwang,Digital creator
221,6375d6a86cbf1b635cd3ad59,reztrelax,Interior Design Studio
222,6375d6a86cbf1b635cd3ad5a,fluffyyy_,Personal blog
223,6375d6a86cbf1b635cd3ad5b,samaritansofsingapore,Non-Governmental Organization (NGO)
224,6375d6a86cbf1b635cd3ad5c,achsuan,Personal blog
225,6375d6a86cbf1b635cd3ad5d,annettelee,Artist
226,6375d6a86cbf1b635cd3ad5e,perkylash,Beauty Salon
227,6375d6a86cbf1b635cd3ad5f,givenchybeauty,"Beauty, cosmetic & personal care"
228,6375d6a86cbf1b635cd3ad60,sg.giveawaycontest,Digital creator
229,6375d6a86cbf1b635cd3ad61,fangrong,Actor
230,6375d6a86cbf1b635cd3ad62,haikini.co,Swimwear Store
231,6375d6a86cbf1b635cd3ad63,dasdyl,Model
232,6375d6a86cbf1b635cd3ad64,cherylenechan,Digital creator
233,6375d6a86cbf1b635cd3ad65,babykyliee,Digital creator
234,6375d6a86cbf1b635cd3ad66,klooksg,Travel Company
235,6375d6a86cbf1b635cd3ad67,_angelinester_,Entrepreneur
236,6375d6a86cbf1b635cd3ad68,luxsg_official,Health/beauty
237,6375d6a86cbf1b635cd3ad69,eucerin_sg,Health/beauty
238,6375d6a86cbf1b635cd3ad6a,fengxiangbkt,Food & beverage
239,6375d6a86cbf1b635cd3ad6b,amazonkindle,Product/service
240,6375d6a86cbf1b635cd3ad6c,dontyellatme.sg,Cafe
241,6375d6a86cbf1b635cd3ad6d,showpo,Shopping & retail
242,6375d6a86cbf1b635cd3ad6e,brightmansio,Video creator
243,6375d6a86cbf1b635cd3ad6f,pawfectloft,Pet Groomer
244,6375d6a86cbf1b635cd3ad70,thecollagingchronicles,Digital creator
245,6375d6a86cbf1b635cd3ad71,xiang_yun_,Artist
246,6375d6a86cbf1b635cd3ad72,subway.singapore,Food & beverage
247,6375d6a86cbf1b635cd3ad73,circledna,Biotechnology Company
248,6375d6a86cbf1b635cd3ad74,yyxhiro,Grocery Store
249,6375d6a86cbf1b635cd3ad75,waterpik.sg,Medical & health
250,6375d6a86cbf1b635cd3ad76,sv_jiawan,Design & fashion
251,6375d6a86cbf1b635cd3ad77,byd_sg,Product/service
252,6375d6a86cbf1b635cd3ad78,safrasg,Digital creator
253,6375d6a86cbf1b635cd3ad79,subtly.manic,Photographer
254,6375d6a86cbf1b635cd3ad7a,grace.espresso,Coffee shop
255,6375d6a86cbf1b635cd3ad7b,mlbkorea,Clothing (Brand)
256,6375d6a86cbf1b635cd3ad7c,sabahtourism,Government organization
257,6375d6a86cbf1b635cd3ad7d,dearbeauty.sg,Jewelry/watches
258,6375d6a86cbf1b635cd3ad7e,byinviteonlystore,Jewelry/watches
259,6375d6a86cbf1b635cd3ad7f,hsenajewellers,Jewelry/watches
260,6375d6a86cbf1b635cd3ad80,jazreelfoodstyling,Artist
261,6375d6a86cbf1b635cd3ad81,foreo_sg,Health/beauty
262,6375d6a86cbf1b635cd3ad82,zonafelice,Hair Salon
263,6375d6a86cbf1b635cd3ad83,jimbeamsea,Wine/spirits
264,6375d6a86cbf1b635cd3ad84,claireeeee.jpg,Personal blog
265,6375d6a86cbf1b635cd3ad85,shuuemura,Health/beauty
266,6375d6a86cbf1b635cd3ad86,rideyourpopsicle,Cycling Studio
267,6375d6a86cbf1b635cd3ad87,whathebronte,Digital creator
268,6375d6a86cbf1b635cd3ad88,mr.mrs.nasi.lemaksg,Food & beverage
269,6375d6a86cbf1b635cd3ad89,hafary,Building Materials
270,6375d6a86cbf1b635cd3ad8a,k4therinea,Camera Operator
271,6375d6a86cbf1b635cd3ad8b,tryandreview,Website
272,6375d6a86cbf1b635cd3ad8c,nuyousingapore,Magazine
273,6375d6a86cbf1b635cd3ad8d,dazzlinghaven,Community
274,6375d6a86cbf1b635cd3ad8e,judithlcl,Just for fun
275,6375d6a86cbf1b635cd3ad8f,multifolds,Photographer
276,6375d6a86cbf1b635cd3ad90,iconaestheticssg,"Beauty, cosmetic & personal care"
277,6375d6a86cbf1b635cd3ad91,builtwheels,Product/service
278,6375d6a86cbf1b635cd3ad92,javierlikespancakes,Grocery Store
279,6375d6a86cbf1b635cd3ad93,whitesalonsg,Hair Salon
280,6375d6a86cbf1b635cd3ad94,greenfields_sg,Product/service
281,6375d6a86cbf1b635cd3ad95,glamourgoal,Design & fashion
282,6375d6a86cbf1b635cd3ad96,symoneoei,Personal blog
283,6375d6a86cbf1b635cd3ad97,mfwstore,Clothing (Brand)
284,6375d6a86cbf1b635cd3ad98,zermattneo,Video creator
285,6375d6a86cbf1b635cd3ad99,pumawomen,Clothing (Brand)
286,6375d6a86cbf1b635cd3ad9a,funnypunjabiguy,Comedian
287,6375d6a86cbf1b635cd3ad9b,wulander,Actor
288,6375d6a86cbf1b635cd3ad9c,pedroshoes_official,Design & fashion
289,6375d6a86cbf1b635cd3ad9d,superga_official,Footwear store
290,6375d6a86cbf1b635cd3ad9e,tech_house_singapore,Shopping & retail
291,6375d6a86cbf1b635cd3ad9f,maccosmeticssg,"Beauty, cosmetic & personal care"
292,6375d6a86cbf1b635cd3ada0,lovebonito,Clothing (Brand)
293,6375d6a86cbf1b635cd3ada1,novelship,Shopping & retail
294,6375d6a86cbf1b635cd3ada2,uiccp.sg,Shopping & retail
295,6375d6a86cbf1b635cd3ada3,kinohimitsusg,Health/beauty
296,6375d6a86cbf1b635cd3ada4,riot.vtg,Community
297,6375d6a86cbf1b635cd3ada5,aurastone.sg,Product/service
298,6375d6a86cbf1b635cd3ada6,parkroyalbeachroad,Hotel
299,6375d6a86cbf1b635cd3ada7,sheinofficial,Clothing (Brand)
300,6375d6a86cbf1b635cd3ada8,flashcoffee_sg,Coffee shop
301,6375d6a86cbf1b635cd3ada9,myproteinsg,Vitamins/supplements
302,6375d6a86cbf1b635cd3adaa,meigui.k,Artist
303,6375d6a86cbf1b635cd3adab,beautifulbintan,Digital creator
304,6375d6a86cbf1b635cd3adac,everydayclaude,Clothing (Brand)
305,6375d6a86cbf1b635cd3adad,jasonyuuu,Artist
306,6375d6a86cbf1b635cd3adae,apartmentcoffee,Community
307,6375d6a86cbf1b635cd3adaf,mango,Clothing (Brand)
308,6375d6a86cbf1b635cd3adb0,nasilemakayamtaliwang,Halal Restaurant
309,6375d6a86cbf1b635cd3adb1,isaac.com.sg,Digital creator
310,6375d6a86cbf1b635cd3adb2,ourdailyavenue,Footwear store
311,6375d6a86cbf1b635cd3adb3,garbinestatewines,Winery/Vineyard
312,6375d6a86cbf1b635cd3adb4,lancomeofficial,Health/beauty
313,6375d6a86cbf1b635cd3adb5,ryanxgo,Video creator
314,6375d6a86cbf1b635cd3adb6,shaffyxx,Community
315,6375d6a86cbf1b635cd3adb7,yolofoodsg,Food delivery service
316,6375d6a86cbf1b635cd3adb8,perfectmomentsports,Clothing (Brand)
317,6375d6a86cbf1b635cd3adb9,lostcode.404,Photographer
318,6375d6a86cbf1b635cd3adba,puma,Clothing (Brand)
319,6375d6a86cbf1b635cd3adbb,novitalam,Digital creator
320,6375d6a86cbf1b635cd3adbc,dolleiseah,Local business
321,6375d6a86cbf1b635cd3adbd,nudestix,"Beauty, cosmetic & personal care"
322,6375d6a86cbf1b635cd3adbe,itspekk,Public figure
323,6375d6a86cbf1b635cd3adbf,ninjabread_,Digital creator
324,6375d6a86cbf1b635cd3adc0,juujaaofficial,Clothing (Brand)
325,6375d6a86cbf1b635cd3adc1,augustineyuen,Photographer
326,6375d6a86cbf1b635cd3adc2,popeyes.sg,Food & beverage
327,6375d6a86cbf1b635cd3adc3,ed_wonder,Brand
328,6375d6a86cbf1b635cd3adc4,iherb_singapore,Health/beauty
329,6375d6a86cbf1b635cd3adc5,purpursg,Clothing (Brand)
330,6375d6a86cbf1b635cd3adc6,j.ing_official,Clothing (Brand)
331,6375d6a86cbf1b635cd3adc7,steigensingapore,Appliances
332,6375d6a86cbf1b635cd3adc8,daytonleem,Art
333,6375d6a86cbf1b635cd3adc9,banketbakkerijlanskroon,Shopping & retail
334,6375d6a86cbf1b635cd3adca,mikayla.sg,Shopping & retail
335,6375d6a86cbf1b635cd3adcb,facestm,Arts & entertainment
336,6375d6a86cbf1b635cd3adcc,ubplusofficial,Electronics
337,6375d6a86cbf1b635cd3adcd,channel.ena.d,Broadcasting & media production company
338,6375d6a86cbf1b635cd3adce,aloeblacc,Artist
339,6375d6a86cbf1b635cd3adcf,specialized_sg,Outdoor & Sporting Goods Company
340,6375d6a86cbf1b635cd3add0,fourstarmattress,Mattress Manufacturer
341,6375d6a86cbf1b635cd3add1,xtremelychrispy,Film Director
342,6375d6a86cbf1b635cd3add2,thecareerlearninghub,Education
343,6375d6a86cbf1b635cd3add3,evorichflooring,Product/service
344,6375d6a86cbf1b635cd3add4,charmainelwj,Digital creator
345,6375d6a86cbf1b635cd3add5,warnerbrossg,Movie/television studio
346,6375d6a86cbf1b635cd3add6,kto_singapore,Nonprofit organization
347,6375d6a86cbf1b635cd3add7,hollyhoque,Clothing (Brand)
348,6375d6a86cbf1b635cd3add8,nastycookiee,Brand
349,6375d6a86cbf1b635cd3add9,studio155sg,Product/service
350,6375d6a86cbf1b635cd3adda,therealjeffgoh,Public figure
351,6375d6a86cbf1b635cd3addb,sgmarathon,Sports Event
352,6375d6a86cbf1b635cd3addc,brands_sg,Health/beauty
353,6375d6a86cbf1b635cd3addd,secretlab,Gamer
354,6375d6a86cbf1b635cd3adde,jleepicks,Shopping & retail
355,6375d6a86cbf1b635cd3addf,sabonsg,"Beauty, cosmetic & personal care"
356,6375d6a86cbf1b635cd3ade0,bias_courtyard,Restaurant
357,6375d6a86cbf1b635cd3ade1,ascentbikes.official,Sports & recreation
358,6375d6a86cbf1b635cd3ade2,toomuchcheryll,Dim Sum Restaurant
359,6375d6a86cbf1b635cd3ade3,cm_nivlekoh,Just for fun
360,6375d6a86cbf1b635cd3ade4,galderma.aesthetics,Health/beauty
361,6375d6a86cbf1b635cd3ade5,sonysingapore,Product/service
362,6375d6a86cbf1b635cd3ade6,ughsy,Digital creator
363,6375d6a86cbf1b635cd3ade7,meggychiaaaa,Actor
364,6375d6a86cbf1b635cd3ade8,idanaedan,Actor
365,6375d6a86cbf1b635cd3ade9,tineshbrendan,Gamer
366,6375d6a86cbf1b635cd3adea,mayerspore,Kitchen/cooking
367,6375d6a86cbf1b635cd3adeb,skai.bar,Bar
368,6375d6a86cbf1b635cd3adec,priscillacheong,Art
369,6375d6a86cbf1b635cd3aded,dennistohsg,Actor
370,6375d6a86cbf1b635cd3adee,simplyo_life,Shopping & retail
371,6375d6a86cbf1b635cd3adef,yeossg,Product/service
372,6375d6a86cbf1b635cd3adf0,beckiball97,Fashion Designer
373,6375d6a86cbf1b635cd3adf1,waterpik,Brand
374,6375d6a86cbf1b635cd3adf2,topazette,Clothing (Brand)
375,6375d6a86cbf1b635cd3adf3,style_lease,Design & fashion
376,6375d6a86cbf1b635cd3adf4,aliceboulangeriesg,Cafe
377,6375d6a86cbf1b635cd3adf5,arcademen,Apparel & clothing
378,6375d6a86cbf1b635cd3adf6,jodiaarielle,Shopping & retail
379,6375d6a86cbf1b635cd3adf7,birkenstock.sg,Footwear store
380,6375d6a86cbf1b635cd3adf8,stregissg,Hotel
381,6375d6a86cbf1b635cd3adf9,dogfinsg,Pet Service
382,6375d6a86cbf1b635cd3adfa,etudesingapore,"Beauty, cosmetic & personal care"
383,6375d6a86cbf1b635cd3adfb,cocodry.co,Health/beauty
384,6375d6a86cbf1b635cd3adfc,zelcrust,DJ
385,6375d6a86cbf1b635cd3adfd,alo,Brand
386,6375d6a86cbf1b635cd3adfe,theomnidesk,Furniture
387,6375d6a86cbf1b635cd3adff,onedime.co,Apparel & clothing
388,6375d6a86cbf1b635cd3ae00,4bwatches_official,Jewelry/watches
389,6375d6a86cbf1b635cd3ae01,59hutong_yakiniku,Digital creator
390,6375d6a86cbf1b635cd3ae02,yashoras,Digital creator
391,6375d6a86cbf1b635cd3ae03,kowayo_aesthetic,Medical & health
392,6375d6a86cbf1b635cd3ae04,photoism.sg,Product/service
393,6375d6a86cbf1b635cd3ae05,mithesalon,Hair Salon
394,6375d6a86cbf1b635cd3ae06,trilogicfitness,Gym/Physical Fitness Center
395,6375d6a86cbf1b635cd3ae07,glowfullyskin,Product/service
396,6375d6a86cbf1b635cd3ae08,shannontaylortw,Public figure
397,6375d6a86cbf1b635cd3ae09,trip.com_sg,Travel Company
398,6375d6a86cbf1b635cd3ae0a,jeremyykwan,Photographer
399,6375d6a86cbf1b635cd3ae0b,dreamwakeacademy,Sports & recreation
400,6375d6a86cbf1b635cd3ae0c,itstiffanylau,Actor
401,6375d6a86cbf1b635cd3ae0d,crimson_med,Photographer
402,6375d6a86cbf1b635cd3ae0e,futurahaus.sg,Home Improvement
403,6375d6a86cbf1b635cd3ae0f,mingsingflowers,Florist
404,6375d6a86cbf1b635cd3ae10,tricia.teoo,Bakery
405,6375d6a86cbf1b635cd3ae11,t_volkova_,Personal blog
406,6375d6a86cbf1b635cd3ae12,randyys,Digital creator
407,6375d6a86cbf1b635cd3ae13,sggiveawayig,Business service
408,6375d6a86cbf1b635cd3ae14,l0tsabraids_,Visual Arts
409,6375d6a86cbf1b635cd3ae15,uptownnasilemak,Coffee shop
410,6375d6a86cbf1b635cd3ae16,cleo_oettingen,Actor
411,6375d6a86cbf1b635cd3ae17,kitchenhands_sg,Food delivery service
412,6375d6a86cbf1b635cd3ae18,marshmalloh.living,Home decor
413,6375d6a86cbf1b635cd3ae19,beroccasg,Vitamins/supplements
414,6375d6a86cbf1b635cd3ae1a,redoxonsg,Vitamins/supplements
415,6375d6a86cbf1b635cd3ae1b,prego.sg,Italian Restaurant
416,6375d6a86cbf1b635cd3ae1c,chrisfroome,Athlete
417,6375d6a86cbf1b635cd3ae1d,impulse.collective,Hair Salon
418,6375d6a86cbf1b635cd3ae1e,haringhandelfrens,Food & beverage
419,6375d6a86cbf1b635cd3ae1f,prettyfitglobal,Shopping & retail
420,6375d6a86cbf1b635cd3ae20,livingcaresg,Water Treatment Service
421,6375d6a86cbf1b635cd3ae21,christyngshoes,Shopping & retail
422,6375d6a86cbf1b635cd3ae22,anteprimaofficial,Clothing (Brand)
423,6375d6a86cbf1b635cd3ae23,val.lim,Personal blog
424,6375d6a86cbf1b635cd3ae24,changiairport,Airport
425,6375d6a86cbf1b635cd3ae25,katong.joochiat,Community
426,6375d6a86cbf1b635cd3ae26,dinokang,Coach
427,6375d6a86cbf1b635cd3ae27,oceanna.the.label,Clothing (Brand)
428,6375d6a86cbf1b635cd3ae28,druggists_sg,Restaurant
429,6375d6a86cbf1b635cd3ae29,andathesea_,Digital creator
430,6375d6a86cbf1b635cd3ae2a,shopwithbasic,Clothing (Brand)
431,6375d6a86cbf1b635cd3ae2b,huawei.sg,Product/service
432,6375d6a86cbf1b635cd3ae2c,shopcider,Clothing (Brand)
433,6375d6a86cbf1b635cd3ae2d,aydenzs,Actor
434,6375d6a86cbf1b635cd3ae2e,chesterwan,Public figure
435,6375d6a86cbf1b635cd3ae2f,rexteo_,Photographer
436,6375d6a86cbf1b635cd3ae30,lzzieofficiel,Clothing (Brand)
437,6375d6a86cbf1b635cd3ae31,petitpain.sg,Bakery
438,6375d6a86cbf1b635cd3ae32,ohiohoo_sis,Health/beauty
439,6375d6a86cbf1b635cd3ae33,aforarcade,Apparel & clothing
440,6375d6a86cbf1b635cd3ae34,lumosprojector,Electronics
441,6375d6a86cbf1b635cd3ae35,hereisyingying,Actor
442,6375d6a86cbf1b635cd3ae36,partipost,App page
443,6375d6a86cbf1b635cd3ae37,a8undance,Food & beverage
444,6375d6a86cbf1b635cd3ae38,05am_cc,Digital creator
445,6375d6a86cbf1b635cd3ae39,freshbeauty,Health/beauty
446,6375d6a86cbf1b635cd3ae3a,goldheartjewelry,"Beauty, cosmetic & personal care"
447,6375d6a86cbf1b635cd3ae3b,thestagewalk,Entrepreneur
448,6375d6a86cbf1b635cd3ae3c,samanthatyf,Digital creator
449,6375d6a86cbf1b635cd3ae3d,thesoupspoonsg,Restaurant
450,6375d6a86cbf1b635cd3ae3e,skin1004official,"Beauty, cosmetic & personal care"
451,6375d6a86cbf1b635cd3ae3f,calverttay,Singer
452,6375d6a86cbf1b635cd3ae40,dlashsg,Beauty Salon
453,6375d6a86cbf1b635cd3ae41,bellywellyjelly,Entrepreneur
454,6375d6a86cbf1b635cd3ae42,timelessbruno,Entrepreneur
455,6375d6a86cbf1b635cd3ae43,jonasvingegaard,Athlete
456,6375d6a86cbf1b635cd3ae44,teampurpose,Clothing (Brand)
457,6375d6a86cbf1b635cd3ae45,resortsworldcruises,Cruise Line
458,6375d6a86cbf1b635cd3ae46,sgfavesofficial,Media/news company
459,6375d6a86cbf1b635cd3ae47,sgfoodonfoot,Personal blog
460,6375d6a86cbf1b635cd3ae48,towkayneo.sg,Grocery Store
461,6375d6a86cbf1b635cd3ae49,oxanagoralczyk,Fashion Designer
462,6375d6a86cbf1b635cd3ae4a,tefalsingapore,Appliances
463,6375d6a86cbf1b635cd3ae4b,guccibeauty,Brand
464,6375d6a86cbf1b635cd3ae4c,chxnxi,Public figure
465,6375d6a86cbf1b635cd3ae4d,lornajaneactive,Shopping & retail
466,6375d6a86cbf1b635cd3ae4e,sushiyujo.sg,Restaurant
467,6375d6a86cbf1b635cd3ae4f,hairgame_bangsar,Hair Salon
468,6375d6a86cbf1b635cd3ae50,blairwears,Clothing (Brand)
469,6375d6a86cbf1b635cd3ae51,glaglathis,Personal blog
470,6375d6a86cbf1b635cd3ae52,aoora69,Musician
471,6375d6a86cbf1b635cd3ae53,thegraniteluxuryhotel,Hotel
472,6375d6a86cbf1b635cd3ae54,ascenshoppe,Health/beauty
473,6375d6a86cbf1b635cd3ae55,zoel.makeup,Makeup Artist
474,6375d6a86cbf1b635cd3ae56,hanjan.store,Health & wellness website
475,6375d6a86cbf1b635cd3ae57,touchprandevents,Public Relations Agency
476,6375d6a86cbf1b635cd3ae58,missearthsingapore,Producer
477,6375d6a86cbf1b635cd3ae59,arianaevangelista02,Athlete
478,6375d6a86cbf1b635cd3ae5a,impressionaffair,Clothing (Brand)
479,6375d6a86cbf1b635cd3ae5b,p_style.kr,Clothing (Brand)
480,6375d6a86cbf1b635cd3ae5c,sheinsingapore,Clothing (Brand)
481,6375d6a86cbf1b635cd3ae5d,jonas.whitetree,"Beauty, cosmetic & personal care"
482,6375d6a86cbf1b635cd3ae5e,teddyisland_official,Shopping & retail
483,6375d6a86cbf1b635cd3ae5f,cottonon,Clothing (Brand)
484,6375d6a86cbf1b635cd3ae60,blafink,Furniture store
485,6375d6a86cbf1b635cd3ae61,solluminaire,Lighting Store
486,6375d6a86cbf1b635cd3ae62,gram_pancakes_singapore,Restaurant
487,6375d6a86cbf1b635cd3ae63,imanfandi17,Public figure
488,6375d6a86cbf1b635cd3ae64,shop.theafternoon,Sunglasses & Eyewear Store
489,6375d6a86cbf1b635cd3ae65,whitesalon_weng,Artist
490,6375d6a86cbf1b635cd3ae66,kellykanez,Artist
491,6375d6a86cbf1b635cd3ae67,arova_laminate,Home Improvement
492,6375d6a86cbf1b635cd3ae68,livingyogawithleigh,Community
493,6375d6a86cbf1b635cd3ae69,alchemist.sg,Coffee shop
494,6375d6a86cbf1b635cd3ae6a,ntuuocbash,College & university
495,6375d6a86cbf1b635cd3ae6b,the.monoline,Clothing (Brand)
496,6375d6a86cbf1b635cd3ae6c,pressturn,Gamer
497,6375d6a86cbf1b635cd3ae6d,yummyyummy.sg,Food & beverage
498,6375d6a86cbf1b635cd3ae6e,febo_amsteldijk_amsterdam,Restaurant
499,6375d6a86cbf1b635cd3ae6f,elemshapes.me,Health/beauty
500,6375d6a86cbf1b635cd3ae70,bobbibrownsg,"Beauty, cosmetic & personal care"
501,6375d6a86cbf1b635cd3ae71,oneninetysg,Restaurant
