,image,clusterid,1d,2d,img_url
0,pforpeonies_5.jpg,2,1.031739,-1.0059006,https://drive.google.com/uc?export=view&id=1iQixdkVN27elOnCdX5JqAvf68ad70l-5
1,pforpeonies_4.jpg,1,5.984398,-0.33048743,https://drive.google.com/uc?export=view&id=191SNxSjnUDR0M7xiDRdAn4WCBvouCMfc
2,pforpeonies_6.jpg,2,1.2975694,-1.9911692,https://drive.google.com/uc?export=view&id=1nktGHNyFWGFUMynieoM7fIMcZJE9rCJk
3,pforpeonies_16.jpg,4,-2.40066,2.0778856,https://drive.google.com/uc?export=view&id=1sS23oxzSggwGtScsrKt88w8lryH-MroP
4,pforpeonies_0.jpg,2,1.8433434,0.013185972,https://drive.google.com/uc?export=view&id=1a_ptJdok9XVSg6zgL373fkjta3GZawxT
5,pforpeonies_3.jpg,4,7.14609,0.7207793,https://drive.google.com/uc?export=view&id=120ssu9kVdQWI7O1fD0-vN4jtpxNOaGJM
6,pforpeonies_11.jpg,4,3.209353,1.8259518,https://drive.google.com/uc?export=view&id=1pVKRWxB9wUouWXTG6GtEMdStT8McC0nE
7,pforpeonies_15.jpg,2,1.5506012,0.92900527,https://drive.google.com/uc?export=view&id=1YK1DfJY92QzaW0Rd8JfMOroHOSv_CmzB
8,pforpeonies_18.jpg,2,2.472293,1.6515996,https://drive.google.com/uc?export=view&id=1QbBCS55_L9L0CvU1puBWLolFseudzluk
9,pforpeonies_17.jpg,2,1.4889606,-0.3012482,https://drive.google.com/uc?export=view&id=1eQePOT5aDWBzfGdnLAoQ45g9mDwpXzaJ
10,pforpeonies_9.jpg,2,2.067806,1.5544168,https://drive.google.com/uc?export=view&id=1diFrleW18y7QTzmS4ODURQwEC_Yt-ctW
11,pforpeonies_8.jpg,2,0.25950608,-0.52246493,https://drive.google.com/uc?export=view&id=1M2tCTJgUzO3lKNOPGq5Mn6YsX8hTugOI
12,pforpeonies_10.jpg,2,-2.3379593,0.69492334,https://drive.google.com/uc?export=view&id=1SoZYku0AIxlu2AcCparvELAEjDRFzuE8
13,pforpeonies_12.jpg,2,0.96734184,-0.02463442,https://drive.google.com/uc?export=view&id=1hym8sKqBRQQwRlCWHLd1V51ICLyWxmm1
14,pforpeonies_7.jpg,0,-0.7875273,2.4259934,https://drive.google.com/uc?export=view&id=1D6Fy7xfnn-5MDxZ3RdkzoSW13qTRc5ro
15,pforpeonies_2.jpg,4,2.7772143,3.3934653,https://drive.google.com/uc?export=view&id=1v3XkFVpwfX5foj2HPkeuyenip5d0nLIK
16,pforpeonies_13.jpg,4,4.161799,-0.62626183,https://drive.google.com/uc?export=view&id=1vPEGgF9eU_kPaGYcDI8z2oW_5_jpGzZ0
17,pforpeonies_1.jpg,0,-1.0662569,0.28505874,https://drive.google.com/uc?export=view&id=1Tslq8IUTPwM1vyEveKMBXYxXaVfmpvfr
18,pforpeonies_14.jpg,4,3.936532,3.3314059,https://drive.google.com/uc?export=view&id=1P9AUcrNUJcfNIVtDuEhFHcGk8f0Yb8eR
19,pforpeonies_29.jpg,3,2.8906808,-1.8154782,https://drive.google.com/uc?export=view&id=10gP1Iz0jxjFipNhAjkIY8m-LJQ-nJ_1q
20,pforpeonies_33.jpg,2,1.8432943,0.012640327,https://drive.google.com/uc?export=view&id=1_Zvqvrv6OtMTn5rQOOkRx4AO3dOwcy5v
21,pforpeonies_27.jpg,3,2.3684652,-2.707873,https://drive.google.com/uc?export=view&id=1yZHE9MBUMTaWcjPDbaZTvBESUfq_0FVn
22,pforpeonies_22.jpg,2,1.6656425,3.6962004,https://drive.google.com/uc?export=view&id=1o7AYBk83Opo1ZQRBNdkDK-PXWBnEMjZn
23,pforpeonies_32.jpg,2,1.7927641,-0.5810107,https://drive.google.com/uc?export=view&id=1v4fs_6tO0fy18Ma3A5d6Xq0WTOOHA2rD
24,pforpeonies_37.jpg,1,5.984201,-0.32438043,https://drive.google.com/uc?export=view&id=15ESTydoegZHm80bsPwA2XAYsd9Q2t-Cm
25,pforpeonies_23.jpg,4,4.220523,-1.628157,https://drive.google.com/uc?export=view&id=1O9T7xxORhoOSZNsPyX_bFwK1xWLHHO_j
26,pforpeonies_28.jpg,0,1.8151488,2.6549697,https://drive.google.com/uc?export=view&id=1XZQMkNvwhQi042IAs8Y22FApasaUzZlS
27,pforpeonies_19.jpg,2,2.5885026,-0.104082145,https://drive.google.com/uc?export=view&id=1bZIjlIJMr72wUl84f3zQbMro9vV-juyv
28,pforpeonies_31.jpg,2,-0.21359193,-2.1290765,https://drive.google.com/uc?export=view&id=1mJHzgLLTKTq6wJGr6mHRdgNEI_YSw9d4
29,pforpeonies_24.jpg,1,2.7081614,0.7876346,https://drive.google.com/uc?export=view&id=1ZYsrimcz6ZEvtbktydh1RRpehIIt8hrA
30,pforpeonies_26.jpg,0,-0.19388509,2.1139576,https://drive.google.com/uc?export=view&id=1cpAOTllOJaJJNsEjFk-IC80Z6NLSk8HD
31,pforpeonies_35.jpg,4,2.7768044,3.3936832,https://drive.google.com/uc?export=view&id=1YdKcbAMAKN1-bhi39LnMWxrPb7q-am3a
32,pforpeonies_20.jpg,2,-1.3796808,-1.0932875,https://drive.google.com/uc?export=view&id=1bPjYfzh9oNYWSKRXyimcLijmqlTFhe05
33,pforpeonies_21.jpg,2,1.736995,1.2129785,https://drive.google.com/uc?export=view&id=1aQTRSuqQTYH7b2mxi6A7lEBa4IaRHJ5w
34,pforpeonies_38.jpg,2,1.0310228,-1.0053761,https://drive.google.com/uc?export=view&id=1DN9yl_7b4sME1fWfsT5OIbwbekkRCri_
35,pforpeonies_34.jpg,0,-1.0668787,0.28373143,https://drive.google.com/uc?export=view&id=1wHNhG99_e49BMaqeiZXWAhkJPQ7q_65j
36,pforpeonies_25.jpg,2,2.674003,-0.37984875,https://drive.google.com/uc?export=view&id=11QN2j5Msq5li68HPluELQiRtM2COv_7M
37,pforpeonies_30.jpg,0,0.014287915,1.0774069,https://drive.google.com/uc?export=view&id=11wXue4-Q14TIf3Mo__kn36aHmGJWnqBS
38,pforpeonies_36.jpg,4,7.146186,0.7206701,https://drive.google.com/uc?export=view&id=1AQaN72Ur0G4iSRVqo7EjB4skJkkG3l3q
39,pforpeonies_52.jpg,2,2.5881937,-0.10413131,https://drive.google.com/uc?export=view&id=1e7gWV_KwiRemllASN3alLdWKeAQwDZya
40,pforpeonies_50.jpg,2,1.488963,-0.30174142,https://drive.google.com/uc?export=view&id=1r8q71PpuEVFSgADcZM4LAI4htDqpymVD
41,pforpeonies_51.jpg,2,2.472146,1.6610152,https://drive.google.com/uc?export=view&id=1MYmbz3e8wf7QtTFBV3PTqaqdB1TrNmNj
42,pforpeonies_43.jpg,2,-2.3379896,0.69695884,https://drive.google.com/uc?export=view&id=1MAe7niPV9_d6fI9ix6nF5JdaI7K5z_Dz
43,pforpeonies_53.jpg,2,-1.3775445,-1.0927932,https://drive.google.com/uc?export=view&id=1v41Q8QDjcwtjD1PfVZtrg1DV4S6-NnxQ
44,pforpeonies_42.jpg,2,2.0682678,1.5603265,https://drive.google.com/uc?export=view&id=13OU7uzOIk-rCxmOJ4R45RKoI-0v95dUw
45,pforpeonies_54.jpg,2,1.7371837,1.2140915,https://drive.google.com/uc?export=view&id=1ypeDYqtwmA8aanPWl2pPduXzk4O03tsF
46,pforpeonies_48.jpg,2,1.5501056,0.9356926,https://drive.google.com/uc?export=view&id=12gomoQ7_CaNOW-JHRz-P8tZZGAv962gm
47,pforpeonies_45.jpg,2,0.9673252,-0.022217935,https://drive.google.com/uc?export=view&id=1MzrWQuDmpHApesdtxpLazo3TsRqcjt7P
48,pforpeonies_39.jpg,2,1.2975372,-1.991018,https://drive.google.com/uc?export=view&id=1HRl4hhYmwOZUGEmeu6XRphwro8uUspmS
49,pforpeonies_40.jpg,0,-0.78770715,2.4260535,https://drive.google.com/uc?export=view&id=1hIEUhB9BMz9nIVzm8G3_fKov02ztO18C
50,pforpeonies_56.jpg,4,4.218181,-1.6255599,https://drive.google.com/uc?export=view&id=1Y3FaiSHSWh8QL337mvxO9TBIdb7ZdN3r
51,pforpeonies_57.jpg,1,2.7081637,0.7877391,https://drive.google.com/uc?export=view&id=1OuYAEolZQaDDOUENHlMy5jgeLfioyhJg
52,pforpeonies_55.jpg,2,1.6650575,3.6972136,https://drive.google.com/uc?export=view&id=14uCftmhadqYjf5oZwR7AjRXIfitVPMXd
53,pforpeonies_58.jpg,2,2.674684,-0.389071,https://drive.google.com/uc?export=view&id=10d7m9ZtD54OVcY0T20P8DxYpTwrQcKp-
54,pforpeonies_49.jpg,4,-2.4011798,2.0837762,https://drive.google.com/uc?export=view&id=1EK8AhpzFXp_DXNNiW_0tuZOHuQHaq3AV
55,pforpeonies_47.jpg,4,3.9356108,3.329813,https://drive.google.com/uc?export=view&id=1INW0TaiqlnaHefz62fTWovw5c3CD9Efz
56,pforpeonies_46.jpg,4,4.1611543,-0.6231449,https://drive.google.com/uc?export=view&id=1OkghqyFY4FZ7fy0slaj3xiszGOvZAcfY
57,pforpeonies_44.jpg,4,3.2080536,1.826303,https://drive.google.com/uc?export=view&id=1IvAqxRaCLlTyD5wxv-OGjw4-WNXvdcLx
58,pforpeonies_41.jpg,2,0.2599681,-0.52196836,https://drive.google.com/uc?export=view&id=1nj4rmuUMKKrhlKJ-dB2RAL7BHuf8ZdDB
59,bimbiboon_66.jpg,2,2.381383,-0.6565987,https://drive.google.com/uc?export=view&id=13SKwiZc5B3m0eaBsS-PjHyAtYyZuMPU9
60,pforpeonies_60.jpg,3,2.367263,-2.7067816,https://drive.google.com/uc?export=view&id=16A1wrWELobGEXwRwARKH0JbLt7pGMkuT
61,bimbiboon_71.jpg,4,1.9636015,3.7962458,https://drive.google.com/uc?export=view&id=1cNL8wFc0CMabu-_SA14MnpvCcQ83gJDw
62,bimbiboon_75.jpg,4,3.52996,1.0147362,https://drive.google.com/uc?export=view&id=19XmEx-NrBb_AGT57EEz9hfz6JF5-a2RJ
63,bimbiboon_67.jpg,1,4.408449,2.5989707,https://drive.google.com/uc?export=view&id=1g63VlO1piil8aKY2ohiS6n20FCDuRCHm
64,bimbiboon_70.jpg,1,2.7925599,3.0338602,https://drive.google.com/uc?export=view&id=1XqtBJL-XbM-dSXQ1QW07_Xsk0fd8ujLG
65,bimbiboon_73.jpg,4,1.6491766,4.9959335,https://drive.google.com/uc?export=view&id=1U-NrglQEnzS0buEAYWRS1nwBtY5hPYcO
66,pforpeonies_65.jpg,2,1.7924542,-0.58223,https://drive.google.com/uc?export=view&id=1HSBpuKZdXwaObL-84FY1hB6zqfVXrPIg
67,bimbiboon_69.jpg,4,1.8415694,4.6397095,https://drive.google.com/uc?export=view&id=1CSALI-hHCA_fXxVX0sVQIuO93Kb1cw8O
68,pforpeonies_63.jpg,0,0.0143924905,1.0751154,https://drive.google.com/uc?export=view&id=1aW7_7xLAmiQjYoNQSRg2Rk4KZQiYEX0Z
69,pforpeonies_61.jpg,0,1.8145171,2.6483052,https://drive.google.com/uc?export=view&id=1XWwFJ61titNU4qZq1Sv9TtDBsQzez3Pn
70,bimbiboon_72.jpg,1,2.4961226,6.8158126,https://drive.google.com/uc?export=view&id=14VFOPFPgDzow3OtMtaP1u9Duq9az8epd
71,bimbiboon_68.jpg,0,0.36806652,3.8214593,https://drive.google.com/uc?export=view&id=1z2GDeB0hpTvRg4aZGrM3_t99cxEcQvcu
72,pforpeonies_62.jpg,3,2.8908248,-1.8160619,https://drive.google.com/uc?export=view&id=1V7a0yf-GoccwTZ9NVVELbueBkWRGBNcq
73,bimbiboon_74.jpg,0,4.983579,3.0542247,https://drive.google.com/uc?export=view&id=1KoL4G1MIoDAIPiN_uDVnJ81NM_TXUWXv
74,pforpeonies_59.jpg,0,-0.19359636,2.1138506,https://drive.google.com/uc?export=view&id=1zLyi1IFPxW1Nh-7O73W0-QZCxfSb42uf
75,pforpeonies_64.jpg,2,-0.21400996,-2.1281993,https://drive.google.com/uc?export=view&id=1vGH-hOoELiFHVeEyI4zZlGwWvG3lwlHA
76,bimbiboon_83.jpg,4,6.019429,4.6162767,https://drive.google.com/uc?export=view&id=19GGus-fVfReB-agHZQoPgNB_dkBKmH46
77,bimbiboon_79.jpg,4,1.1524017,5.3928022,https://drive.google.com/uc?export=view&id=1k7drL4gGlNVwdsc8tIEschuI7CTFRgpz
78,bimbiboon_80.jpg,4,2.181693,4.6406946,https://drive.google.com/uc?export=view&id=1Xo7gXVAa9SNfgTwxeNZGvvacSsrUbu9m
79,bimbiboon_84.jpg,4,2.4521887,2.6137903,https://drive.google.com/uc?export=view&id=1WjlqQ1pYctt9teda8eRGRmXqpfo6IujV
80,bimbiboon_78.jpg,4,3.8522332,0.8268048,https://drive.google.com/uc?export=view&id=1w_ClkzJyxSslgZc2bBuuXV-DzmRYHfOQ
81,bimbiboon_89.jpg,1,0.9651239,4.7577376,https://drive.google.com/uc?export=view&id=12NiOxP7BpgLQCFqu1fJupyFLHazSA81d
82,bimbiboon_85.jpg,4,-0.31816608,6.014605,https://drive.google.com/uc?export=view&id=1jwwIOxFgD4X4IgnuuwBOnklFrVovlceO
83,ban.nalee_92.jpg,0,-0.49133593,2.7526894,https://drive.google.com/uc?export=view&id=1-kp7LEQHQEf2fy2zOXVh-7S7wHUua63L
84,bimbiboon_81.jpg,4,2.3764079,2.7927365,https://drive.google.com/uc?export=view&id=15R7IQq0ovn5Dnr7F4VNQhOg4cCOBuR2y
85,bimbiboon_87.jpg,1,1.318202,7.408679,https://drive.google.com/uc?export=view&id=1Ixl_wZdW7h_zteklz56VQsj9XWN_j60F
86,bimbiboon_86.jpg,4,3.7659612,2.370981,https://drive.google.com/uc?export=view&id=1Cg1klHHYHI2p7b4bGXpSdUg3R2Rf1pCQ
87,ban.nalee_91.jpg,1,0.22685146,4.3030324,https://drive.google.com/uc?export=view&id=11r7qUDOjH5o6g7fZfUDy4U4zX612mN9Z
88,bimbiboon_76.jpg,4,2.6628866,4.0050306,https://drive.google.com/uc?export=view&id=1s3EhqNuE8GQ9o02fvJPO066kDuCuDaPi
89,bimbiboon_82.jpg,4,-0.08840139,5.8022714,https://drive.google.com/uc?export=view&id=1PVmVnYCXaBlBpjmFYXvmHLLmzn7mbfCy
90,bimbiboon_88.jpg,4,2.1317751,3.5281062,https://drive.google.com/uc?export=view&id=1Al2mDkRggYyAh28n_aUu8iIWwz5tez7q
91,ban.nalee_90.jpg,1,1.0204469,4.0871143,https://drive.google.com/uc?export=view&id=1Vp_cpY4h3DGn5isX07dqC7lJdeyRiYe-
92,bimbiboon_77.jpg,4,2.8553486,2.2630985,https://drive.google.com/uc?export=view&id=1PS7EfLNq3wjnGuZOnsJfnoIe41rMSmdD
93,ban.nalee_101.jpg,1,4.245571,5.016798,https://drive.google.com/uc?export=view&id=1t0FTkFSRNiC8ll_W9JRbh3MOoklsKW8I
94,ban.nalee_97.jpg,4,4.6533146,4.25964,https://drive.google.com/uc?export=view&id=17KOm-JoO4TP8gLyfqOz5VOPMQZwQrWsK
95,ban.nalee_105.jpg,4,2.7624886,3.9858181,https://drive.google.com/uc?export=view&id=1dMTfTmuGoiTx6zFXFdk99zspc2fi9V82
96,ban.nalee_107.jpg,1,-1.257811,3.967239,https://drive.google.com/uc?export=view&id=1XeJq57tensoBbc8ld5FbsNID361gkzPd
97,ban.nalee_103.jpg,4,2.0802283,3.1017075,https://drive.google.com/uc?export=view&id=1vc0Ocy5b7Z3lm_9PTOvTJkXspAQuU0lL
98,ban.nalee_98.jpg,1,0.552464,3.6310792,https://drive.google.com/uc?export=view&id=1aoeXl8rNOoztFliJbdP_na7PcOtjoZWE
99,ban.nalee_108.jpg,4,3.0694318,4.3309474,https://drive.google.com/uc?export=view&id=1PAwqkkqj2xH3fw1sfVpjHza-EWAntOhe
100,ban.nalee_99.jpg,4,1.1361443,1.3664162,https://drive.google.com/uc?export=view&id=1_kG23FBANGKHev5NttB1yiVAc5qXKwfk
101,ban.nalee_100.jpg,4,4.056396,2.322424,https://drive.google.com/uc?export=view&id=1V0ncCm4k44iYOj_eHtJFwoYZWCTGZ1pi
102,ban.nalee_93.jpg,1,4.0673785,4.367152,https://drive.google.com/uc?export=view&id=1MPH-raL5n7JTWRVoMfGlnMgr1VANXKXf
103,ban.nalee_104.jpg,4,4.5622134,0.7384566,https://drive.google.com/uc?export=view&id=1s7WqaEI-CmyP0sda0DKd5Li1SK9xYxRO
104,ban.nalee_106.jpg,4,3.6506672,4.9756207,https://drive.google.com/uc?export=view&id=17CeqlIMcz6JqjReXLh7Yuz6o0fhi-mC3
105,ban.nalee_94.jpg,1,5.348601,1.875667,https://drive.google.com/uc?export=view&id=1gNAue2xqwpvlgKULdtOdCXEnOfIuaGWx
106,ban.nalee_102.jpg,4,2.4485161,4.0731874,https://drive.google.com/uc?export=view&id=1ohQOFyV6wSPIk0uJhXHGl2GH8DJQYBLa
107,ban.nalee_96.jpg,4,3.4847934,4.6566877,https://drive.google.com/uc?export=view&id=1yUxbYcmUz55Xq7AdIDveYcde-obgCUzO
108,ban.nalee_95.jpg,0,2.0112805,5.729148,https://drive.google.com/uc?export=view&id=1XgqP05U7QfwAqdXx8TZenASIxfkj9hqW
109,ban.nalee_109.jpg,1,5.01846,2.2946715,https://drive.google.com/uc?export=view&id=1Y1RLVI4zn4qJcmDyz_y607pyBZx5td5e
110,aliciasantoso_119.jpg,4,6.0540457,2.008519,https://drive.google.com/uc?export=view&id=1gT2J6KY-9o6gmhNpP68lAa9xbzT2dlag
111,aliciasantoso_115.jpg,1,6.5024633,3.9846165,https://drive.google.com/uc?export=view&id=1ILDtAqOphoB1NsiFfEtZpuRobV5vUy5m
112,meggychiaaaa_128.jpg,2,1.8499397,2.0693007,https://drive.google.com/uc?export=view&id=1oXtxq7J6RdQewGRLi0gTfRXfot4FXKso
113,aliciasantoso_121.jpg,4,5.1270075,1.5770953,https://drive.google.com/uc?export=view&id=1j59aqw0ouGoj0rxvmeNivwuFSXl4ZfQJ
114,ban.nalee_111.jpg,4,2.7727835,4.22732,https://drive.google.com/uc?export=view&id=1XECaDghIwcwnsSLG4ZmTjZQaDOqPEsxG
115,aliciasantoso_125.jpg,4,5.16328,3.5577054,https://drive.google.com/uc?export=view&id=1vjuXYRy8cUqe0A60itDW3IlScZgxVoHc
116,aliciasantoso_116.jpg,4,2.134924,4.156493,https://drive.google.com/uc?export=view&id=1piwTShgbCKrBnDaGVon3TSQAUf0AeQSW
117,aliciasantoso_122.jpg,0,-0.5211919,1.310318,https://drive.google.com/uc?export=view&id=1u2m_AF1kLmPvDpfGJgEYbEXPUyR3Qfln
118,aliciasantoso_120.jpg,4,5.518552,4.160801,https://drive.google.com/uc?export=view&id=1m96owPAZ9Y35WInpEzAfWYkGvn1oFUyt
119,ban.nalee_110.jpg,4,2.9883702,5.6368017,https://drive.google.com/uc?export=view&id=1DbZFzYul091xPzsuRkvOwbdjiuCbs4Vo
120,ban.nalee_112.jpg,2,2.19161,0.93296814,https://drive.google.com/uc?export=view&id=1XpSjSypr877J4sx5WF11vQ-Ppl9lw4t9
121,aliciasantoso_124.jpg,4,5.1113615,4.493731,https://drive.google.com/uc?export=view&id=1V4gFV2N9sbxX8nPGUkqmWjlUoUeTc8MM
122,aliciasantoso_117.jpg,4,0.21684073,0.44013062,https://drive.google.com/uc?export=view&id=1V3Kkf48FWpvRxSd264it2MtSKy5PKnwm
123,meggychiaaaa_129.jpg,1,1.8049582,3.676023,https://drive.google.com/uc?export=view&id=1cGL3FgzK7jjOsoQ1Rcb81Zt078aYwJkw
124,aliciasantoso_114.jpg,4,4.422431,3.204028,https://drive.google.com/uc?export=view&id=1K9GB5aSlcNiNbHl4jJSarU9xGwKpWRX9
125,meggychiaaaa_126.jpg,1,0.96795493,6.147446,https://drive.google.com/uc?export=view&id=1Oi8lngNOkrzKn4gqGfoaKRVKjo-owFym
126,aliciasantoso_118.jpg,4,1.7348074,5.4168396,https://drive.google.com/uc?export=view&id=1yFtstynccY7muM1Q6t9SmxLFAfXeT3vN
127,ban.nalee_113.jpg,4,2.3438034,3.1418302,https://drive.google.com/uc?export=view&id=1E8BmpywOMeHjMwlX599Y4rWDnNvtxQRO
128,aliciasantoso_123.jpg,1,1.8381808,6.6652136,https://drive.google.com/uc?export=view&id=1S-_GdiBP-1M2Kc-KoVlweHP2LtsYUOQp
129,meggychiaaaa_127.jpg,4,-0.4382714,5.138007,https://drive.google.com/uc?export=view&id=1wZmcwwm3L3cViwSDAmlYrVxCROhPA6aM
130,meggychiaaaa_132.jpg,0,1.2994214,2.3468485,https://drive.google.com/uc?export=view&id=1wscJe9NyC3VjO9rTidRQ_xiP0Yl4hY3I
131,meggychiaaaa_131.jpg,4,2.0295,3.0893865,https://drive.google.com/uc?export=view&id=1tn4sPrV8IcrksNbhzD1NUTmmkVKn-qPe
132,meggychiaaaa_137.jpg,4,3.9499357,5.5505424,https://drive.google.com/uc?export=view&id=1zmQ4jxEC0TtQvSqQ-2VTyIoBtKC0usF_
133,charmainesew_141.jpg,1,2.3430035,7.4675355,https://drive.google.com/uc?export=view&id=1e3ZhYwF9HKTXVFuILmRopstHSeGcE4hk
134,meggychiaaaa_133.jpg,1,3.5322735,3.4421096,https://drive.google.com/uc?export=view&id=1jsXzfnjJSug29kL412ffzDC4ed2Xlkau
135,meggychiaaaa_134.jpg,4,-0.5150702,4.913001,https://drive.google.com/uc?export=view&id=173HnJ-qAnPFAuvkh3nkpM7Y1RrKj73np
136,meggychiaaaa_135.jpg,1,1.7406018,2.8426194,https://drive.google.com/uc?export=view&id=1Gc-pVGgif6DJJx81czrF6cfpZfxZHhDC
137,meggychiaaaa_130.jpg,4,5.754483,3.1774607,https://drive.google.com/uc?export=view&id=1QeIt8gpxnEPPcF7zqJ-rvHC_F-CJzgvA
138,meggychiaaaa_136.jpg,4,0.34273994,6.5559697,https://drive.google.com/uc?export=view&id=1IpimCLAyjrdezkxeaAFJ4UeMFGV_Lsq2
139,charmainesew_138.jpg,4,3.6514678,4.0374136,https://drive.google.com/uc?export=view&id=1zCucnig9cvHmAUqu4DyWsfSaJyHViXyO
140,charmainesew_140.jpg,0,-0.61809534,2.0235107,https://drive.google.com/uc?export=view&id=1STaibq6WU062cqm6okpiv-QeJRnnMei9
141,charmainesew_139.jpg,4,2.291965,4.5019326,https://drive.google.com/uc?export=view&id=1_hvhOmkRxmk1cjB3lXXexI_o6sW6hM5_
142,charmainesew_150.jpg,4,0.82669216,4.586502,https://drive.google.com/uc?export=view&id=1tm4m8TkDH4umIdpVHWa_cEX7tUgrAVal
143,charmainesew_146.jpg,1,1.9109114,3.5031412,https://drive.google.com/uc?export=view&id=1MDEDgUtULocsAGxvzPbJRsLSK6gI1Kiq
144,charmainesew_157.jpg,4,2.5650463,4.1577168,https://drive.google.com/uc?export=view&id=19-gIWHz7VL4qR_wDrHwRGW96FVAGJdIw
145,charmainesew_148.jpg,0,-0.5599345,3.4628577,https://drive.google.com/uc?export=view&id=1A3HFTFqZ78XhIC--PIHgbyyhjydk-Ze2
146,charmainesew_147.jpg,1,2.8765204,4.844758,https://drive.google.com/uc?export=view&id=1zk2cnnkH5c3k2FU_WwQUzwtnohKPYGIf
147,charmainesew_156.jpg,4,2.355883,4.474236,https://drive.google.com/uc?export=view&id=199KytbjjKCPetxF1IcPqa3uftUiaBteV
148,charmainesew_154.jpg,4,2.3898678,4.5609503,https://drive.google.com/uc?export=view&id=1KaYgfjfVRQhtE5OFhH7QIG3M5qTrOwhF
149,charmainesew_144.jpg,4,2.3210666,5.1029444,https://drive.google.com/uc?export=view&id=1DaVoEe2o-2kMhGSp2g653O3sr1UaNaA4
150,charmainesew_142.jpg,4,0.34505108,4.738531,https://drive.google.com/uc?export=view&id=1-4QXPeRvj_MdJ0GUDiQQAeyeV23lJw1x
151,charmainesew_151.jpg,4,3.4800584,6.8113947,https://drive.google.com/uc?export=view&id=1-4MOSCYrn8md2DosYjb9AvjvXbnCZbYF
152,charmainesew_149.jpg,4,1.5944704,4.1417255,https://drive.google.com/uc?export=view&id=1-3SjvVekKOs5fAEPCuBAc37gOx85UJVE
153,charmainesew_143.jpg,4,3.0022738,3.4681618,https://drive.google.com/uc?export=view&id=1-3I437uwGuCB1PSB8u8Zrwjic3UhtL4_
154,charmainesew_153.jpg,4,2.2031555,2.0240898,https://drive.google.com/uc?export=view&id=1-3ELkuKx46FJP2HLphNjFow1Itw9PG05
155,charmainesew_158.jpg,4,0.03543413,6.892061,https://drive.google.com/uc?export=view&id=1-2zSV_co_qT-GtdciZRR9pnyaDxvWB1R
156,charmainesew_152.jpg,4,3.2949195,3.7206728,https://drive.google.com/uc?export=view&id=1-2zMSQWCzL10YT5rXGuarzbIngUHl5uA
157,charmainesew_145.jpg,4,3.0651584,3.9617493,https://drive.google.com/uc?export=view&id=1-0rb1nMcAmpk7HloAo9WIUc4Lqqay9Rs
158,charmainesew_155.jpg,4,3.6853027,6.7972503,https://drive.google.com/uc?export=view&id=1-0StueRt80pt-W0nUmxsKBOiH3OcRtAJ
159,charmainesew_160.jpg,4,3.5999618,3.2294881,https://drive.google.com/uc?export=view&id=1-0QRJTg8zCsujFau2F8EC8mbjPIW64j3
160,christinetaaay_166.jpg,4,1.3311801,4.807821,https://drive.google.com/uc?export=view&id=1-0E2lxMtW2D4ssGsuCJvsCCldr07iBx_
161,christinetaaay_163.jpg,4,1.8231399,4.4616494,https://drive.google.com/uc?export=view&id=1--FbGAwa9iqJxh9hAJr06z4Aoeymevg8
162,christinetaaay_165.jpg,1,0.42029238,5.1239715,https://drive.google.com/uc?export=view&id=1--2Q_KenQgodgufp7WvJAN0xPRjeQqgR
163,charmainesew_159.jpg,4,5.9826546,3.1814182,https://drive.google.com/uc?export=view&id=1--1rpNBnwyErDMy5l1VbhGo6aNWFcDQI
164,charmainesew_161.jpg,4,1.3849663,4.416052,https://drive.google.com/uc?export=view&id=1--0mZJ6Szc-_adoILD4WzSdCLl13id2U
165,christinetaaay_162.jpg,4,1.8223597,4.4619665,https://drive.google.com/uc?export=view&id=1-B41DMtqPK3R9rY-Dn0KaWE_WB5-GAza
166,christinetaaay_164.jpg,4,3.3239262,2.4718585,https://drive.google.com/uc?export=view&id=1-AfdM0Li9vngkUS_9AXReaUcQjFqBh5W
167,christinetaaay_170.jpg,4,3.715683,2.6574295,https://drive.google.com/uc?export=view&id=1-ASLoRYKhXjJXCNzaJBJlOWX3EFRJ_tC
168,christinetaaay_172.jpg,4,2.246048,3.5684302,https://drive.google.com/uc?export=view&id=1-ANEBIFHsJoZBA4qaQ6nHWnEhKswCP2c
169,christinetaaay_173.jpg,4,4.447198,2.850734,https://drive.google.com/uc?export=view&id=1-A28KGF9rdqPWhDts_YPOBnMYN-OEIgB
170,christinetaaay_174.jpg,4,1.6039072,4.4247565,https://drive.google.com/uc?export=view&id=1-9bp0v0K7MIfrdNyRvyOzatInQG_NZBc
171,christinetaaay_169.jpg,4,3.8820336,3.455068,https://drive.google.com/uc?export=view&id=1-9JWJQT-UaBIyK49i_Jg5YgRUVC6llju
172,christinetaaay_171.jpg,1,2.7763836,2.6285214,https://drive.google.com/uc?export=view&id=1-8iTpeCsbSQ6zcThPQq4a-sYDO59JYb-
173,christinetaaay_167.jpg,4,5.175667,6.3127203,https://drive.google.com/uc?export=view&id=1-8_81eU54vlYaQIjb6Yi6rv3ywUz0LUA
174,christinetaaay_168.jpg,4,3.6221533,2.948275,https://drive.google.com/uc?export=view&id=1-7f2XCWlX880KXWjdo3ML7AkcbNSQVd8
175,shermainezy_188.jpg,4,3.1994383,4.6683483,https://drive.google.com/uc?export=view&id=1-6J5zAVMkelgwUUhoK91fBqJe-1cQpSl
176,christinetaaay_185.jpg,4,2.9998934,3.4173136,https://drive.google.com/uc?export=view&id=1-6DOor6Gq75xcBnOQNAHsfmEa9PDKRoq
177,christinetaaay_176.jpg,4,4.352193,0.7527811,https://drive.google.com/uc?export=view&id=1-56_xty_cyVIosECJcVs7phN_cnUBZbb
178,christinetaaay_178.jpg,4,3.439606,2.4264336,https://drive.google.com/uc?export=view&id=1-4k71vinn-34tzb8plPNSnDyJ7dHyB04
179,christinetaaay_175.jpg,1,4.371385,4.03531,https://drive.google.com/uc?export=view&id=1-4hPQgvDNuYGTAgrzGCQs_xp6EBP8art
180,shermainezy_192.jpg,4,2.6209931,4.378557,https://drive.google.com/uc?export=view&id=1-IFlJAyOyKwlOdLw0FJMpsIKcv5iHk4o
181,christinetaaay_177.jpg,4,4.1190677,3.8855875,https://drive.google.com/uc?export=view&id=1-HxPJIO-kld-lJiS7NCtJsGu1UeeJc2N
182,shermainezy_189.jpg,4,2.350119,5.1046324,https://drive.google.com/uc?export=view&id=1-HF9H9CHPcxI4woPvA2U6JmdFU4BmXkY
183,christinetaaay_180.jpg,1,5.5540104,5.328423,https://drive.google.com/uc?export=view&id=1-H2i9yqQmf5WPJmSGP5f1OfGt_z7kWrz
184,christinetaaay_186.jpg,1,0.6714044,5.6528454,https://drive.google.com/uc?export=view&id=1-Go0hvGTMos82PwHa2OuEAoE6YcoiDP0
185,christinetaaay_179.jpg,1,4.3319273,6.036115,https://drive.google.com/uc?export=view&id=1-GHc0oSwJCdTRVCP27TV29TA9yH8xS5t
186,christinetaaay_184.jpg,4,2.879667,5.9121213,https://drive.google.com/uc?export=view&id=1-GDwvpJ967n64SzyW6Q3DfTZASXSpTBl
187,christinetaaay_183.jpg,4,3.4682617,0.4026668,https://drive.google.com/uc?export=view&id=1-FHpVbryfWdBHSrxJ1B_--QlZYZXIjMb
188,shermainezy_187.jpg,1,1.9606038,6.4586067,https://drive.google.com/uc?export=view&id=1-EqB7xjO7FyoaLF8OHfWu2HQwHMuVBgw
189,christinetaaay_181.jpg,1,0.98024017,6.9140286,https://drive.google.com/uc?export=view&id=1-DvWIOHczVIwQ7kxBnz1aiCw1E2myds6
190,shermainezy_190.jpg,4,3.645025,5.013929,https://drive.google.com/uc?export=view&id=1-DDaisDtG6QjNyK_kFW9LBgqFnUYeC31
191,shermainezy_191.jpg,1,2.8540435,6.1849265,https://drive.google.com/uc?export=view&id=1-DD-KRqqxb-qy3SwjZzWsK2lK_jjXZ0_
192,christinetaaay_182.jpg,4,3.209558,3.270372,https://drive.google.com/uc?export=view&id=1-CaGfhRwsYPqJDEUZ2qe_U7RVrSQhyRS
193,shermainezy_193.jpg,4,3.207606,4.6896954,https://drive.google.com/uc?export=view&id=1-CNfZU0dQdhaN8GjuB-iA1u60fBq3TP_
194,shermainezy_208.jpg,4,3.1981409,4.744277,https://drive.google.com/uc?export=view&id=1-CAvAcEW8jS6M33Rt7Sl89vhAvoYfz5S
195,shermainezy_196.jpg,1,2.4001336,5.688289,https://drive.google.com/uc?export=view&id=1-O44l2P_ZzXahUptPCgKmWdO5RA6sN5t
196,shermainezy_194.jpg,4,4.8378205,1.8668964,https://drive.google.com/uc?export=view&id=1-NtiMX1an6RA-x3kTC7JVuLyhzKYK3ym
197,shermainezy_207.jpg,1,1.4644425,6.1584425,https://drive.google.com/uc?export=view&id=1-NlDFBRjAWXcqkxqcRsrBR70MVNArlbL
198,shermainezy_198.jpg,4,0.93218535,5.3068414,https://drive.google.com/uc?export=view&id=1-NC_OaB7ZI8muJkbr08QWpdy97JUxfaz
199,shermainezy_204.jpg,4,2.3496964,4.845105,https://drive.google.com/uc?export=view&id=1-LrcC2FahPSnAo8K2XPA9pJsYzJZzhXp
200,shermainezy_206.jpg,1,3.43627,7.5443306,https://drive.google.com/uc?export=view&id=1-Li6ZzdorPltSkBfxiJzqeoVlBVWtpGM
201,shermainezy_200.jpg,4,2.0212939,4.276449,https://drive.google.com/uc?export=view&id=1-LE473KmR4F9mqSFyJMjdi-te_cfNm7Q
202,shermainezy_203.jpg,0,0.8712249,3.2676072,https://drive.google.com/uc?export=view&id=1-L-tktAZkreoi9sIAzjgkINvY7YpwLMS
203,shermainezy_205.jpg,1,3.6036167,5.312548,https://drive.google.com/uc?export=view&id=1-Kx40dbejumsln7KcjGrxYOR8ksHmZtK
204,shermainezy_199.jpg,1,2.7419786,5.538847,https://drive.google.com/uc?export=view&id=1-KiigCipv7hcTZz7sod_8TcOhBNqd8D0
205,shermainezy_195.jpg,4,2.4663873,5.27135,https://drive.google.com/uc?export=view&id=1-KT_UHrL3blF3n4Z4JSOJHrpihy5jbx8
206,shermainezy_197.jpg,4,3.2635589,4.6055417,https://drive.google.com/uc?export=view&id=1-KJVm48vFgJCkmL9BzCmfND2gt4qky_5
207,shermainezy_201.jpg,1,6.426909,2.564389,https://drive.google.com/uc?export=view&id=1-K5Q5hD9icUzmQalHpTQBr7OxpYaUWY-
208,shermainezy_209.jpg,4,2.6769807,4.524036,https://drive.google.com/uc?export=view&id=1-JK7M_t2Ar_Qg7YhCTBU6bJ0iO0gOnEI
209,shermainezy_202.jpg,1,1.6548611,4.874099,https://drive.google.com/uc?export=view&id=1-IjCaZUxZ0uJAs4RVTvyrcuAY_s3gKcX
210,passionade_216.jpg,1,3.9698539,1.5459449,https://drive.google.com/uc?export=view&id=1-TVfW0-3AY5PKcHciBuR7YcVG4yruVxs
211,shermainezy_210.jpg,4,3.3807805,4.39867,https://drive.google.com/uc?export=view&id=1-TTpPkRfpMO3pw38MX4JjD8eGec0X7nh
212,passionade_212.jpg,4,1.3532205,2.68238,https://drive.google.com/uc?export=view&id=1-SOjD9JvkRtRHgNxm1WOrEEMq75y7kif
213,passionade_217.jpg,1,-1.1299903,4.0315394,https://drive.google.com/uc?export=view&id=1-S5JRyLZmswdW4x9xxGJCSFtFbOKs0z7
214,passionade_214.jpg,4,4.869672,3.6751177,https://drive.google.com/uc?export=view&id=1-RIagHm9SNIlzmEH4tO0f6_PFtZbvZXg
215,passionade_213.jpg,1,2.5080972,2.607387,https://drive.google.com/uc?export=view&id=1-R1CPBpIB-1k6MOIYtp9DWw5odpktREa
216,passionade_211.jpg,0,1.2829802,4.0321784,https://drive.google.com/uc?export=view&id=1-QpFZmiBqBJy4AzQBscRs_ggWnfD1IVJ
217,passionade_215.jpg,1,1.6928583,3.4378679,https://drive.google.com/uc?export=view&id=1-QjYGc1w5bu5NHIWaopWw1pjv02FdiL9
218,passionade_219.jpg,0,0.92519903,2.8403943,https://drive.google.com/uc?export=view&id=1-QVCTLeWoKLDNvFQt41k4N89ep5kzGih
219,passionade_220.jpg,1,0.28352872,3.125887,https://drive.google.com/uc?export=view&id=1-Q9yF72raJ_TcKJoJSAEbH605VqLooEx
220,passionade_218.jpg,4,3.2525876,1.7189465,https://drive.google.com/uc?export=view&id=1-PZxNS8W_EOp3AorOy3wne4li038zSVx
221,passionade_231.jpg,0,1.0573331,2.6240916,https://drive.google.com/uc?export=view&id=1-P8b8v4fHLFT63ORmknBwFTgwZdcXV5Z
222,passionade_232.jpg,4,4.2185245,-0.44038755,https://drive.google.com/uc?export=view&id=1-P-7pVsxm2n01TlWqPDbmitUPKWRwJpT
223,passionade_221.jpg,1,1.6891544,2.2092896,https://drive.google.com/uc?export=view&id=1-OoXQQS2rTfwj0G6b9Y4XbDHS0MJsque
224,passionade_222.jpg,4,3.572729,1.3943387,https://drive.google.com/uc?export=view&id=1-O_PsfbxWCt-m_GfrlKuFN37H66YAGsa
225,passionade_224.jpg,4,-1.166634,5.371729,https://drive.google.com/uc?export=view&id=1-aeJA4FOSAWx6fY_bma6n7wHHyCbuhZo
226,passionade_223.jpg,0,0.5945731,2.1545022,https://drive.google.com/uc?export=view&id=1-acpVWN1j7FCL6BZFkrvL9_5TZ2geKgf
227,passionade_228.jpg,0,0.8574537,3.5212922,https://drive.google.com/uc?export=view&id=1-aJxfUc7IPiMBeTuetPNl6V3uWmPYmiH
228,passionade_227.jpg,4,1.6492437,2.9090633,https://drive.google.com/uc?export=view&id=1-a9OerK9Ifw6KWk2qRqOsHKFEQnRuyN7
229,passionade_225.jpg,4,1.9216474,4.4496884,https://drive.google.com/uc?export=view&id=1-a1DzRr1FCYZNn9D9QiVMmQeF9YYlL7s
230,passionade_233.jpg,0,0.4780021,1.975849,https://drive.google.com/uc?export=view&id=1-_HLDHYJBygUgoJq9wuctLFS_2hDLmRZ
231,passionade_229.jpg,1,3.6668363,6.1018853,https://drive.google.com/uc?export=view&id=1-YfUdcR98sNHZcSxBs8ww5FYPw6NOtkl
232,passionade_230.jpg,4,0.98890716,3.030635,https://drive.google.com/uc?export=view&id=1-Y-Dwt4hY6eVxFM9V5shyYVO79NU7u1x
233,passionade_226.jpg,0,0.732209,1.961982,https://drive.google.com/uc?export=view&id=1-XqAj8cJEAKX0kYVdxdTLEF-RjselLJC
234,eshuxia_249.jpg,4,5.0687985,0.89306444,https://drive.google.com/uc?export=view&id=1-X2hjZwbvDDu0re5K8nrME-1hOV5myJR
235,passionade_234.jpg,1,4.4877443,6.6367006,https://drive.google.com/uc?export=view&id=1-WuNV2esB0AyJ_WKduGeJwnA07Vl11tX
236,eshuxia_235.jpg,2,1.7699574,-0.08804729,https://drive.google.com/uc?export=view&id=1-W-b5WJz4QepTk7xfP5sjNb7Ofg4VC6s
237,eshuxia_242.jpg,0,1.3296461,1.7206992,https://drive.google.com/uc?export=view&id=1-VZDtNP_bbV7rL00PRYEx2R_WfmPe5t1
238,eshuxia_251.jpg,1,4.8393803,5.2988143,https://drive.google.com/uc?export=view&id=1-VT1idlSik9MVYlg5BJZ5lvJiVp97TlO
239,eshuxia_240.jpg,1,2.36027,7.623854,https://drive.google.com/uc?export=view&id=1-VDgkVIETndwheV4xX5Kk7lu8ymuLzcO
240,eshuxia_246.jpg,4,3.0067446,1.3835075,https://drive.google.com/uc?export=view&id=1-f9m70101yBJ7tca4BJazTjdKqhAGX2L
241,eshuxia_250.jpg,1,-0.09096358,3.666431,https://drive.google.com/uc?export=view&id=1-evGiycxBMgZm94SpfIhnW6Orr-YOSjU
242,eshuxia_244.jpg,1,4.4125113,1.4937531,https://drive.google.com/uc?export=view&id=1-e_uynwTJl03Q-NjKRnsVeY_ksHNX5yt
243,eshuxia_241.jpg,4,3.0352583,3.4796283,https://drive.google.com/uc?export=view&id=1-e-DjhukU4O5l4H1hbPCGZJDv-CJbj5v
244,eshuxia_238.jpg,1,5.106871,4.9827514,https://drive.google.com/uc?export=view&id=1-dbZToJBFmXI0ZpyqHY9Kfn4kYgv7sq3
245,eshuxia_243.jpg,2,0.69690436,1.0019646,https://drive.google.com/uc?export=view&id=1-cXQqrx1OnKMt1AGN188BdVVU7ot9lct
246,eshuxia_245.jpg,1,1.6127795,5.657249,https://drive.google.com/uc?export=view&id=1-cIxeLad1Wl1lJYHqO0VgIVW6P7KI9RZ
247,eshuxia_248.jpg,0,0.6358116,2.5859807,https://drive.google.com/uc?export=view&id=1-byQBww8z7gKmwUEOAeM_LmKi2RqyTl2
248,eshuxia_247.jpg,4,3.1114912,3.4311876,https://drive.google.com/uc?export=view&id=1-bqzy3qs_Wssfz2FeLCE6jASvi5-8Hvb
249,eshuxia_237.jpg,0,0.7175932,1.5718834,https://drive.google.com/uc?export=view&id=1-bg8rqlNDdoOlF3LxB3S3MseQGigackY
250,eshuxia_252.jpg,1,2.915006,2.8096852,https://drive.google.com/uc?export=view&id=1-bPJ7BMryYYwFFlZebsuqAze_GpfD0HI
251,eshuxia_239.jpg,4,1.3739645,2.2433493,https://drive.google.com/uc?export=view&id=1-bGdyk4lxl12PYALkzh3pc47u0W4-Ptw
252,eshuxia_236.jpg,4,3.9092414,2.1453574,https://drive.google.com/uc?export=view&id=1-bCJMP6IX65yYgYFY0bGpbaG8DpQErmT
253,eshuxia_257.jpg,4,-0.3388424,4.3881083,https://drive.google.com/uc?export=view&id=1-asJ-xoBcLH5wRG2q2cC2mGcAme5rTWP
254,eshuxia_258.jpg,0,0.4185929,2.1063411,https://drive.google.com/uc?export=view&id=1-arEN6YUbwm4HDRQTFbdrM1KLAyqopsv
255,eshuxia_254.jpg,1,5.067004,2.000701,https://drive.google.com/uc?export=view&id=1-ffQZZcF7jYdUFyDTx7xbYHKQ6WqYHi4
256,eshuxia_255.jpg,1,5.320584,5.361698,https://drive.google.com/uc?export=view&id=1-fM0eUCua-Y1sByjcAkBH0IVaagoWP3h
257,eshuxia_256.jpg,1,1.4317784,3.130843,https://drive.google.com/uc?export=view&id=1-fBOCo0SEtKl7nrswcdfrr9NwDLAPAN_
258,eshuxia_253.jpg,1,1.1313173,3.8252878,https://drive.google.com/uc?export=view&id=1-fA2DJz8tsT20pilmK52tjcblfjCS1IU
